<?xml version="1.0" encoding="utf-8"?>
<config>
  <makeSubAssembly>-2147483648</makeSubAssembly>
  <createLug>1</createLug>
  <offsetFromCofG>
    <Millimeters>-2147483648</Millimeters>
  </offsetFromCofG>
  <lugThickness>
    <Millimeters>-2147483648</Millimeters>
  </lugThickness>
  <lugWidth>
    <Millimeters>-2147483648</Millimeters>
  </lugWidth>
  <baseplateThickness>
    <Millimeters>-2147483648</Millimeters>
  </baseplateThickness>
  <baseplateWidth>
    <Millimeters>-2147483648</Millimeters>
  </baseplateWidth>
  <assemblyPrefix></assemblyPrefix>
  <assemblyStartNo>-2147483648</assemblyStartNo>
  <lugMaterial></lugMaterial>
  <lugName></lugName>
  <lugPrefix></lugPrefix>
  <lugStartNo>-2147483648</lugStartNo>
  <baseplateName></baseplateName>
  <baseplateMaterial></baseplateMaterial>
  <baseplatePrefix></baseplatePrefix>
  <baseplateStartNo>-2147483648</baseplateStartNo>
  <baseplateHoleCrs>
    <Millimeters>-2147483648</Millimeters>
  </baseplateHoleCrs>
  <lugHoleDiameter>
    <Millimeters>-2147483648</Millimeters>
  </lugHoleDiameter>
  <baseplateBoltPitch>
    <Millimeters>-2147483648</Millimeters>
  </baseplateBoltPitch>
  <baseplateEdgeDist>
    <Millimeters>-2147483648</Millimeters>
  </baseplateEdgeDist>
  <lugHoleEdgeDistance>
    <Millimeters>-2147483648</Millimeters>
  </lugHoleEdgeDistance>
  <lugLength>
    <Millimeters>-2147483648</Millimeters>
  </lugLength>
  <baseplateLength>
    <Millimeters>-2147483648</Millimeters>
  </baseplateLength>
  <boltTolerance>
    <Millimeters>-2147483648</Millimeters>
  </boltTolerance>
  <baseplateBoltSize>
    <Millimeters>20</Millimeters>
  </baseplateBoltSize>
  <boltStandard>8.8XOX</boltStandard>
  <nut2>0</nut2>
  <bolt>-2147483648</bolt>
  <nut1>-2147483648</nut1>
  <washer3>0</washer3>
  <washer2>0</washer2>
  <washer1>-2147483648</washer1>
  <lugShape>1</lugShape>
  <lugRadius>
    <Millimeters>-2147483648</Millimeters>
  </lugRadius>
  <boltSiteOrShop>0</boltSiteOrShop>
  <boltThreadInMat>0</boltThreadInMat>
  <boltCutLength>
    <Millimeters>-2147483648</Millimeters>
  </boltCutLength>
  <boltExtraLength>
    <Millimeters>-2147483648</Millimeters>
  </boltExtraLength>
  <weldStandard></weldStandard>
  <dataValidated>0</dataValidated>
</config>