﻿<?xml version="1.0" encoding="utf-8"?>
<TEP Version="1.0">

	<Product Id="LiftingLugExtension" UpgradeCode="2A128A42-6C37-4FF0-B01C-B4BA03B0BC4C" Version="1.0" Language="1033" 
		Name="Lifting Lug Extension" Manufacturer="Tekla Corporation"  Description= "Creates erection safety lifting lugs on horizontal and sloping beams"
		IconPath="%LiftingLugExtensionSourceFolder%\LiftingLug\LiftingLug.png">
		<TeklaVersions>
			<TeklaVersion Name="2099.1"/>
		</TeklaVersions>
	</Product>
	 
	<SourcePathVariables>
		<SourcePathVariable Id="TepOutputFolder" Value="%TEPDEFINITIONFILEFOLDER%\output" Comment="This provides the location where the package builder is to save the package."/>
		<SourcePathVariable Id="LiftingLugExtensionSourceFolder" Value="%TEPDEFINITIONFILEFOLDER%\.." Comment="This provides the base path for the source as it moves from version to version."/>
		<SourcePathVariable Id="BinariesFolder" Value="%LiftingLugExtensionSourceFolder%\bin\release\"/>
        </SourcePathVariables>

	<TargetPathVariables>
		<PathVariable Id="ExtensionsDir" Value="%commonEnvFolder%\extensions\"/>
		<PathVariable Id="MyExtensionDirectory" Value="%ExtensionsDir%\LiftingLugExtension\"/>
		<PathVariable Id="BitmapsDirectory" Value="%ENVDIR%\..\bitmaps\"/>
		<PathVariable Id="AttributeFileDirectory" Value="%commonEnvFolder%\system\"/>
		<PathVariable Id="CommonMacroDirectory" Value="%commonEnvFolder%\macros\modeling\"/>
	</TargetPathVariables>

	<Component Id="TheExtensionComponent" Guid="FAE04EC0-301F-11D3-BF4B-00C04F79EFBE">

		<File Id="LiftingLugManagerExe" Source="%BinariesFolder%\LiftingLugManager.exe" Target="%MyExtensionDirectory%"/>

		<File Id="LiftingLugPluginDll" Source="%BinariesFolder%\liftingLug.dll" Target="%MyExtensionDirectory%"/>

		<File Id="LiftingLugManagerTranslations" Source="%LiftingLugExtensionSourceFolder%\LiftingLugManager\Messages\DotAppsStrings\LiftingLugManager.ail" Target="%MyExtensionDirectory%"/>
	
		<File Id="LiftingLugTranslations" Source="%LiftingLugExtensionSourceFolder%\LiftingLug\Messages\DotAppsStrings\LiftingLug.ail" Target="%MyExtensionDirectory%"/>

		<File Id="LiftingLugStandardFile" Source="%LiftingLugExtensionSourceFolder%\LiftingLug\standard file\standard.LiftingLug.LiftingLugForm.xml" Target="%AttributeFileDirectory%"/>

		<File Id="LiftingLugManagerCatalogIcon" Source="%LiftingLugExtensionSourceFolder%\LiftingLugManager\Macros\Lifting Lug Manager.bmp" Target="%CommonMacroDirectory%"/>

		<File Id="LiftingLugManagerMacro" Source="%LiftingLugExtensionSourceFolder%\LiftingLugManager\Macros\Lifting Lug Manager.cs" Target="%CommonMacroDirectory%"/>

		<File Id="LiftingLugPluginCatalogIcon" Source="%LiftingLugExtensionSourceFolder%\LiftingLug\et_element_LiftingLug.bmp" Target="%BitmapsDirectory%"/>

		<File Id="LiftingLugNameTranslation" Source="%LiftingLugExtensionSourceFolder%\LiftingLug\\Messages\LiftingLug.ail" Target="%ExtensionsDir%"/>

		<File Id="ComponentCatalogFile" Source="%LiftingLugExtensionSourceFolder%\LiftingLug\ComponentCatalogFile\LiftingLug_ComponentCatalog.ac.xml" Target="%MyExtensionDirectory%"/>

		<File Id="ComponentCatalogTranslations" Source="%LiftingLugExtensionSourceFolder%\LiftingLug\Messages\DotAppsStrings\LiftingLug_ComponentCatalogDefinitions.ail" Target="%MyExtensionDirectory%"/>

	</Component>

	<Feature Id="TheExtensionFeature" Title="ExtensionFeature">
		<ComponentRef ReferenceId="TheExtensionComponent" />
	</Feature>

 </TEP>