﻿<?xml version="1.0" encoding="utf-8"?>
<!--*** Do not edit this file. ***-->
<!--*** Importing invalid data can cause unexpected behaviour and potential data loss. ***-->
<!--Created (InvariantFormat): 03/23/2016 12:37:15-->
<CatalogModel Version="1.0">
  <ComponentCatalogItems>
    <CatalogPluginComponentItem>
      <DisplayName>Lifting Lug</DisplayName>
      <ComponentId>LiftingLug</ComponentId>
    </CatalogPluginComponentItem>
    <CatalogMacroModelingItem>
      <DisplayName>Lifting Lug Manager</DisplayName>
      <MacroFileName>LiftingLugManager.cs</MacroFileName>
      <MacroLocation>GLOBAL</MacroLocation>
    </CatalogMacroModelingItem>
  </ComponentCatalogItems>
  <ComponentCatalogGroups>
    <ComponentCatalogGroup>
      <GroupIdString>Root_Group_ID</GroupIdString>
      <GroupName>albl_Root_fixed_group_name</GroupName>
      <GroupChildren>
        <ComponentCatalogGroupPlaceholder>
          <GroupIdString>cdcfbcf2-2622-4383-a4e2-a9bd79379daf</GroupIdString>
          <GroupName>Lifting Lug extension</GroupName>
        </ComponentCatalogGroupPlaceholder>
      </GroupChildren>
    </ComponentCatalogGroup>
    <ComponentCatalogGroup>
      <GroupIdString>cdcfbcf2-2622-4383-a4e2-a9bd79379daf</GroupIdString>
      <GroupName>albl_Lifting_Lug_extension</GroupName>
      <GroupDescription>albl_LiftingLugDescription</GroupDescription>
      <GroupChildren>
        <ComponentCatalogItemPlaceholder>
          <ItemIdString>CatalogPluginComponentItem?LiftingLug</ItemIdString>
        </ComponentCatalogItemPlaceholder>
        <ComponentCatalogItemPlaceholder>
          <ItemIdString>CatalogMacroModelingItem?Lifting Lug Manager?GLOBAL</ItemIdString>
        </ComponentCatalogItemPlaceholder>
      </GroupChildren>
    </ComponentCatalogGroup>
  </ComponentCatalogGroups>
</CatalogModel>